suite,profile,method,metric,numerator,denominator
main,unsupported,retry_only,safe_final,101,150
main,unsupported,retry_only,duplicate_episodes,42,150
main,unsupported,retry_only,false_success_final,33,150
main,unsupported,verify_only,safe_final,130,150
main,unsupported,verify_only,duplicate_episodes,0,150
main,unsupported,verify_only,false_success_final,16,150
main,unsupported,paper_literal,safe_final,110,150
main,unsupported,paper_literal,duplicate_episodes,20,150
main,unsupported,paper_literal,false_success_final,16,150
main,unsupported,engineering,safe_final,117,150
main,unsupported,engineering,duplicate_episodes,28,150
main,unsupported,engineering,false_success_final,2,150
main,supported,retry_only,safe_final,101,150
main,supported,retry_only,duplicate_episodes,42,150
main,supported,retry_only,false_success_final,33,150
main,supported,verify_only,safe_final,130,150
main,supported,verify_only,duplicate_episodes,0,150
main,supported,verify_only,false_success_final,16,150
main,supported,paper_literal,safe_final,130,150
main,supported,paper_literal,duplicate_episodes,0,150
main,supported,paper_literal,false_success_final,16,150
main,supported,engineering,safe_final,144,150
main,supported,engineering,duplicate_episodes,0,150
main,supported,engineering,false_success_final,0,150
stress,unsupported,retry_only,safe_final,45,120
stress,unsupported,retry_only,duplicate_episodes,55,120
stress,unsupported,retry_only,false_success_final,75,120
stress,unsupported,verify_only,safe_final,60,120
stress,unsupported,verify_only,duplicate_episodes,0,120
stress,unsupported,verify_only,false_success_final,30,120
stress,unsupported,paper_literal,safe_final,50,120
stress,unsupported,paper_literal,duplicate_episodes,20,120
stress,unsupported,paper_literal,false_success_final,30,120
stress,unsupported,engineering,safe_final,70,120
stress,unsupported,engineering,duplicate_episodes,30,120
stress,unsupported,engineering,false_success_final,10,120
stress,supported,retry_only,safe_final,45,120
stress,supported,retry_only,duplicate_episodes,55,120
stress,supported,retry_only,false_success_final,75,120
stress,supported,verify_only,safe_final,60,120
stress,supported,verify_only,duplicate_episodes,0,120
stress,supported,verify_only,false_success_final,30,120
stress,supported,paper_literal,safe_final,70,120
stress,supported,paper_literal,duplicate_episodes,0,120
stress,supported,paper_literal,false_success_final,30,120
stress,supported,engineering,safe_final,100,120
stress,supported,engineering,duplicate_episodes,0,120
stress,supported,engineering,false_success_final,0,120
